{"_wandb":{"runtime":138},"_timestamp":1.7443713816740255e+09,"_runtime":138.185451155,"_step":0,"em_score":33}