{"correct_samples":395,"_timestamp":1.7444449052615075e+09,"_runtime":226.417739738,"_wandb":{"runtime":226},"_step":0,"em_score":98.75,"total_samples":400}