{"total_samples":700,"correct_samples":117,"_wandb":{"runtime":306},"_timestamp":1.7444353540385442e+09,"_runtime":306.054737758,"_step":0,"em_score":16.714285714285715}