{"em_score":84.57142857142857,"total_samples":700,"correct_samples":592,"_wandb":{"runtime":246},"_timestamp":1.7444380385768168e+09,"_runtime":246.673751513,"_step":0}