{"_step":0,"em_score":0,"_wandb":{"runtime":163},"_timestamp":1.7443897057865508e+09,"_runtime":163.147132149}