{"_wandb":{"runtime":136},"_runtime":136.332916332,"_step":0,"em_score":55.400000000000006,"_timestamp":1.7443691034629922e+09}