{"em_score":28.199999999999996,"total_samples":500,"_wandb":{"runtime":251},"correct_samples":141,"_timestamp":1.7444398303819568e+09,"_runtime":251.754456964,"_step":0}