{"total_samples":700,"correct_samples":427,"_timestamp":1.744442530262218e+09,"_runtime":409.39018436,"_step":0,"_wandb":{"runtime":409},"em_score":61}