{"em_score":49.4,"total_samples":500,"correct_samples":247,"_timestamp":1.7444334903449085e+09,"_runtime":177.768499983,"_step":0,"_wandb":{"runtime":177}}