{"total_samples":700,"_wandb":{"runtime":250},"correct_samples":576,"_timestamp":1.7444371264977493e+09,"_runtime":250.328379865,"_step":0,"em_score":82.28571428571428}