{"em_score":80.2,"_timestamp":1.7443758439413893e+09,"_runtime":163.935211493,"_step":0,"_wandb":{"runtime":163}}