{"total_samples":400,"correct_samples":202,"_timestamp":1.7444338812060158e+09,"_runtime":139.63213022,"_step":0,"_wandb":{"runtime":139},"em_score":50.5}