{"_timestamp":1.7444470722195787e+09,"_wandb":{"runtime":656},"_runtime":656.024406394,"_step":0,"em_score":29.599999999999998,"total_samples":500,"correct_samples":148}