{"total_samples":500,"correct_samples":278,"_timestamp":1.7444390016811633e+09,"_runtime":183.485967805,"_step":0,"_wandb":{"runtime":183},"em_score":55.60000000000001}