{"_wandb":{"runtime":459},"_runtime":459.510077188,"_step":0,"em_score":84.57142857142857,"total_samples":700,"correct_samples":592,"_timestamp":1.7444477720402777e+09}