{"_wandb":{"runtime":139},"em_score":33,"_timestamp":1.744369699582936e+09,"_runtime":139.80592728,"_step":0}