{"_step":0,"_wandb":{"runtime":650},"em_score":82.28571428571428,"total_samples":700,"correct_samples":576,"_timestamp":1.7444455628003578e+09,"_runtime":650.874489754}