{"_timestamp":1.7444406868475266e+09,"_runtime":108.327679807,"_step":0,"em_score":81.6,"total_samples":500,"correct_samples":408,"_wandb":{"runtime":108}}