{"correct_samples":378,"_timestamp":1.7444365351151137e+09,"_runtime":107.698048739,"_step":0,"_wandb":{"runtime":107},"em_score":75.6,"total_samples":500}