{"em_score":49.8,"_timestamp":1.744366931731465e+09,"_runtime":134.62168031,"_step":0,"_wandb":{"runtime":134}}