{"_step":0,"em_score":0,"total_samples":610,"_wandb":{"runtime":264},"correct_samples":0,"_timestamp":1.7444333057531674e+09,"_runtime":264.056930152}