{"em_score":0,"_wandb":{"runtime":200},"_timestamp":1.7443673319178202e+09,"_runtime":200.410184959,"_step":0}