{"_step":0,"em_score":50.6,"_timestamp":1.7443765572430859e+09,"_wandb":{"runtime":166},"_runtime":166.172688141}