{"em_score":23.799999999999997,"_timestamp":1.7443826236639938e+09,"_runtime":216.701091815,"_step":0,"_wandb":{"runtime":216}}