{"_step":0,"em_score":49.8,"_wandb":{"runtime":134},"_timestamp":1.7443680725863106e+09,"_runtime":134.561200683}