{"_wandb":{"runtime":163},"em_score":83.6,"_timestamp":1.7443777687848911e+09,"_runtime":163.662786195,"_step":0}