{"_step":0,"_wandb":{"runtime":163},"em_score":81.6,"_timestamp":1.744378637476505e+09,"_runtime":163.581884281}