{"_timestamp":1.7444323315096462e+09,"_runtime":177.858652032,"_step":0,"_wandb":{"runtime":177},"em_score":49.4,"total_samples":500,"correct_samples":247}