{"_runtime":114.464924206,"_step":0,"_wandb":{"runtime":114},"em_score":30,"_timestamp":1.7443688610867603e+09}