{"em_score":32,"_wandb":{"runtime":291},"total_samples":500,"correct_samples":160,"_timestamp":1.7444420369122796e+09,"_runtime":291.195964855,"_step":0}