{"_timestamp":1.7444401110175438e+09,"_runtime":181.945538653,"_step":0,"_wandb":{"runtime":181},"em_score":83.8,"total_samples":500,"correct_samples":419}