{"_runtime":142.13415706,"_wandb":{"runtime":142},"_step":0,"em_score":0,"_timestamp":1.744369553036409e+09}