{"_wandb":{"runtime":142},"_runtime":142.416227833,"_step":0,"em_score":0,"_timestamp":1.7443712371369822e+09}