{"_wandb":{"runtime":136},"em_score":55.400000000000006,"_timestamp":1.74437153552147e+09,"_runtime":136.841522442,"_step":0}