{"_wandb":{"runtime":219},"em_score":0,"_timestamp":1.7443801022919283e+09,"_runtime":219.348511965,"_step":0}