{"_step":0,"_wandb":{"runtime":212},"em_score":32.800000000000004,"_timestamp":1.7443923927820907e+09,"_runtime":212.619291078}