{"total_samples":500,"correct_samples":247,"_wandb":{"runtime":177},"_timestamp":1.744434649205973e+09,"_runtime":177.495913524,"_step":0,"em_score":49.4}