{"_runtime":140.982665677,"_step":0,"em_score":24.8,"_timestamp":1.7443710876682067e+09,"_wandb":{"runtime":140}}