{"_wandb":{"runtime":388},"correct_samples":540,"_timestamp":1.7444414313519228e+09,"_runtime":388.12269571,"_step":0,"em_score":77.14285714285715,"total_samples":700}