{"_timestamp":1.744433734631593e+09,"_runtime":237.820171936,"_step":0,"_wandb":{"runtime":237},"em_score":22.2,"total_samples":500,"correct_samples":111}