{"_step":0,"_wandb":{"runtime":171},"em_score":0,"_timestamp":1.7443795774930856e+09,"_runtime":171.39502224699999}