{"_timestamp":1.7444446713230212e+09,"_runtime":478.389127716,"_wandb":{"runtime":478},"_step":0,"em_score":32.800000000000004,"total_samples":500,"correct_samples":164}