{"correct_samples":117,"_timestamp":1.744433034615653e+09,"_runtime":304.605882298,"_step":0,"_wandb":{"runtime":304},"em_score":16.714285714285715,"total_samples":700}