{"_runtime":145.243314978,"_step":0,"_wandb":{"runtime":145},"em_score":24.8,"_timestamp":1.7443694040613532e+09}