{"em_score":31.2,"total_samples":500,"_wandb":{"runtime":253},"correct_samples":156,"_timestamp":1.744437708297555e+09,"_runtime":253.756008309,"_step":0}