{"_wandb":{"runtime":164},"em_score":50.6,"_timestamp":1.7443762726864336e+09,"_runtime":164.255187427,"_step":0}