{"_wandb":{"runtime":163},"em_score":81.6,"_timestamp":1.7443773864129372e+09,"_runtime":163.685230353,"_step":0}