{"em_score":54.91803278688525,"total_samples":610,"correct_samples":335,"_wandb":{"runtime":196},"_timestamp":1.7444373307560341e+09,"_runtime":196.881164114,"_step":0}