{"_wandb":{"runtime":266},"em_score":27.200000000000003,"total_samples":500,"correct_samples":136,"_timestamp":1.744440960716036e+09,"_runtime":266.495899761,"_step":0}