{"_wandb":{"runtime":164},"em_score":77.2,"_timestamp":1.7443788424612458e+09,"_runtime":164.918578736,"_step":0}