{"_runtime":184.168242316,"_step":0,"_wandb":{"runtime":184},"em_score":44.26229508196721,"total_samples":610,"correct_samples":270,"_timestamp":1.7444416231802168e+09}