{"_step":0,"em_score":83.6,"_wandb":{"runtime":164},"_timestamp":1.744379058981366e+09,"_runtime":164.663519684}