{"_timestamp":1.7444417383953724e+09,"_runtime":108.194131706,"_step":0,"em_score":80.4,"total_samples":500,"_wandb":{"runtime":108},"correct_samples":402}