{"_runtime":237.63398203,"_step":0,"em_score":22.2,"total_samples":500,"correct_samples":111,"_timestamp":1.7444348935972185e+09,"_wandb":{"runtime":237}}