{"correct_samples":0,"_timestamp":1.7444388112131844e+09,"_runtime":219.881835203,"_step":0,"_wandb":{"runtime":219},"em_score":0,"total_samples":500}