{"em_score":0,"_wandb":{"runtime":142},"_timestamp":1.7443719840923598e+09,"_runtime":142.339643357,"_step":0}