{"_wandb":{"runtime":305},"em_score":16.714285714285715,"total_samples":700,"correct_samples":117,"_timestamp":1.7444341927969608e+09,"_runtime":305.064443437,"_step":0}