{"em_score":50,"_timestamp":1.7443768098518908e+09,"_runtime":165.372389683,"_wandb":{"runtime":165},"_step":0}