{"_wandb":{"runtime":139},"em_score":33,"_timestamp":1.7443721304044802e+09,"_runtime":139.36687107,"_step":0}