{"total_samples":400,"correct_samples":340,"_timestamp":1.7444473059256554e+09,"_wandb":{"runtime":226},"_runtime":226.382703181,"_step":0,"em_score":85}