{"total_samples":500,"correct_samples":111,"_timestamp":1.7444325763312669e+09,"_runtime":238.088722837,"_step":0,"_wandb":{"runtime":238},"em_score":22.2}