{"_wandb":{"runtime":195},"_runtime":195.321311976,"_step":0,"em_score":0,"_timestamp":1.7443687110123866e+09}