{"_runtime":166.219045223,"_wandb":{"runtime":166},"_step":0,"em_score":0,"_timestamp":1.7443682458088095e+09}