{"_wandb":{"runtime":138},"_timestamp":1.744370940106633e+09,"_runtime":138.13903635,"_step":0,"em_score":0}