{"_runtime":213.198866045,"_step":0,"_wandb":{"runtime":213},"em_score":23.799999999999997,"_timestamp":1.7443921738400931e+09}