{"_runtime":216.759563404,"_wandb":{"runtime":216},"_step":0,"em_score":0,"_timestamp":1.7443803625862308e+09}