{"_step":0,"_wandb":{"runtime":144},"em_score":22.6,"_timestamp":1.7443685088128192e+09,"_runtime":144.025895971}