{"_runtime":165.446559493,"_step":0,"_wandb":{"runtime":165},"em_score":0,"_timestamp":1.7443671035553486e+09}