{"_timestamp":1.7443828928732975e+09,"_runtime":215.969486189,"_step":0,"em_score":32.800000000000004,"_wandb":{"runtime":215}}