{"_wandb":{"runtime":141},"em_score":50.5,"total_samples":400,"correct_samples":202,"_timestamp":1.7444350413767946e+09,"_runtime":141.034808971,"_step":0}