{"_wandb":{"runtime":209},"em_score":68.52459016393443,"total_samples":610,"correct_samples":418,"_timestamp":1.7444405712106256e+09,"_runtime":209.601666722,"_step":0}