{"correct_samples":0,"_wandb":{"runtime":265},"_timestamp":1.7444321471066546e+09,"_runtime":265.297898325,"_step":0,"em_score":0,"total_samples":610}