{"_runtime":264.733750231,"_step":0,"em_score":0,"total_samples":610,"correct_samples":0,"_wandb":{"runtime":264},"_timestamp":1.7444344648715603e+09}