{"_step":0,"em_score":96.5,"total_samples":400,"correct_samples":386,"_timestamp":1.7444421133411248e+09,"_wandb":{"runtime":68},"_runtime":68.679025938}