{"_timestamp":1.744390370995808e+09,"_runtime":165.609548169,"_step":0,"_wandb":{"runtime":165},"em_score":81.6}