{"_runtime":213.625123852,"_step":0,"_wandb":{"runtime":213},"em_score":68.52459016393443,"total_samples":610,"correct_samples":418,"_timestamp":1.7444364203016012e+09}