{"_timestamp":1.7444395715490015e+09,"_runtime":171.825806557,"_wandb":{"runtime":171},"_step":0,"em_score":73.4,"total_samples":500,"correct_samples":367}