{"total_samples":610,"correct_samples":335,"_timestamp":1.7444460587222629e+09,"_runtime":488.42960588,"_step":0,"_wandb":{"runtime":488},"em_score":54.91803278688525}