{"_step":0,"em_score":83.6,"_timestamp":1.7443784605996447e+09,"_wandb":{"runtime":163},"_runtime":163.750533579}