{"em_score":77.2,"_wandb":{"runtime":162},"_timestamp":1.7443901987052507e+09,"_runtime":162.160483335,"_step":0}