{"_timestamp":1.7443770414786315e+09,"_runtime":165.84315598,"_step":0,"em_score":53.2,"_wandb":{"runtime":165}}