{"_runtime":140.571929749,"_step":0,"em_score":0,"_timestamp":1.744371683057652e+09,"_wandb":{"runtime":140}}