{"em_score":66.2,"total_samples":500,"correct_samples":331,"_timestamp":1.7444393920872905e+09,"_runtime":251.607699427,"_wandb":{"runtime":251},"_step":0}