{"_wandb":{"runtime":165},"_timestamp":1.7443760756485987e+09,"_runtime":165.012634891,"_step":0,"em_score":50.6}