{"_wandb":{"runtime":83},"total_samples":500,"correct_samples":491,"_timestamp":1.7444399221041806e+09,"_runtime":83.787550863,"_step":0,"em_score":98.2}