{"em_score":55.400000000000006,"_timestamp":1.744370795352128e+09,"_wandb":{"runtime":133},"_runtime":133.926716197,"_step":0}