{"total_samples":500,"correct_samples":247,"_timestamp":1.7444310468570461e+09,"_runtime":204.16574859,"_step":0,"_wandb":{"runtime":204},"em_score":49.4}