{"em_score":0,"_timestamp":1.7443692519723938e+09,"_runtime":141.630743606,"_step":0,"_wandb":{"runtime":141}}