{"correct_samples":340,"_wandb":{"runtime":68},"_timestamp":1.7444377848487942e+09,"_runtime":68.27037623,"_step":0,"em_score":85,"total_samples":400}