{"em_score":32.800000000000004,"total_samples":500,"correct_samples":164,"_timestamp":1.7444367942403402e+09,"_runtime":252.162762961,"_step":0,"_wandb":{"runtime":252}}