{"total_samples":500,"_wandb":{"runtime":342},"correct_samples":428,"_timestamp":1.7444464088590841e+09,"_runtime":342.807601905,"_step":0,"em_score":85.6}