{"em_score":24.8,"_timestamp":1.744371834724565e+09,"_runtime":145.115208894,"_step":0,"_wandb":{"runtime":145}}