{"em_score":68.52459016393443,"total_samples":610,"correct_samples":418,"_wandb":{"runtime":341},"_timestamp":1.7444439423894446e+09,"_runtime":341.260627001,"_step":0}