{"_wandb":{"runtime":68},"_timestamp":1.7444410366917825e+09,"_runtime":68.010867705,"_step":0,"em_score":99.5,"total_samples":400,"correct_samples":398}