{"_step":0,"_wandb":{"runtime":160},"em_score":0,"_timestamp":1.7443895361074314e+09,"_runtime":160.52052582}