{"total_samples":610,"correct_samples":0,"_timestamp":1.7444308361283605e+09,"_runtime":247.579224569,"_wandb":{"runtime":247},"_step":0,"em_score":0}