{"total_samples":400,"correct_samples":395,"_timestamp":1.7444368695219126e+09,"_runtime":68.123691207,"_step":0,"_wandb":{"runtime":68},"em_score":98.75}