{"total_samples":400,"correct_samples":202,"_timestamp":1.7444327233746486e+09,"_runtime":139.958366918,"_step":0,"_wandb":{"runtime":139},"em_score":50.5}