{"total_samples":500,"correct_samples":378,"_timestamp":1.7444441856855059e+09,"_runtime":235.72869561,"_step":0,"em_score":75.6,"_wandb":{"runtime":235}}