{"em_score":85.6,"_wandb":{"runtime":108},"total_samples":500,"correct_samples":428,"_timestamp":1.7444374469429295e+09,"_runtime":108.928931045,"_step":0}